{
  "games": [
    {
      "questions": [
        {
          "question": "What does HTML stand for?",
          "answers": [
            "Hyper Text Markup Language",
            "Home Tool Markup Language",
            "Hyperlinks and Text Markup Language",
            "Hyperscript Text Markup Language"
          ],
          "correct": 0
        },
        {
          "question": "Who is making the Web standards?",
          "answers": [
            "Microsoft",
            "Google",
            "The World Wide Web Consortium",
            "Mozilla"
          ],
          "correct": 2
        },
        {
          "question": "What is the correct HTML element for the largest heading?",
          "answers": [
            "<heading>",
	          "<h6>",
	          "<h1>",
	          "<head>"
          ],
          "correct": 2
        },
        {
          "question": "What is the correct HTML element for inserting a line break?",
          "answers": [
            "<br>",
            "<break>",
            "<lb>",
            "<linebreak>"
          ],
          "correct": 0
        },
        {
          "question": "What is the correct HTML for adding a background color?",
          "answers": [
            "<body bg=\"yellow\">",
            "<background>yellow</background>",
            "<body style=\"background-color=yellow;\">",
            "<body style=\"background-color:yellow;\">"
          ],
          "correct": 3
        },
        {
          "question": "What is the correct HTML element to define important text?",
          "answers": [
            "<important>",
            "<strong>",
            "<b>",
            "<i>"
          ],
          "correct": 1
        },
        {
          "question": "What is the correct HTML element to define emphasized text?",
          "answers": [
            "<em>",
            "<i>",
            "<italic>",
            "<b>"
          ],
          "correct": 0
        },
        {
          "question": "What is the correct HTML for creating a hyperlink?",
          "answers": [
            "<a name=\"http://www.millionier.com\">millionier</a>",
            "<a url=\"http://www.millionier.com\">millionier</a>",
            "<a>http://www.millionier.com</a>",
            "<a href=\"http://www.millionier.com\">millionier</a>"
          ],
          "correct": 3
        },
        {
          "question": "Which character is used to indicate an end tag?",
          "answers": [
            "/",
            "<",
            ".",
            "\\"
          ],
          "correct": 0
        },
        {
          "question": "How can you open a link in a new tab/browser window?",
          "answers": [
            "<a href=\"url\" new>",
            "<a href=\"url\" target=\"new\">",
            "<a href=\"url\" target=\"_blank\">",
            "<a href=\"url\" target=\"new_page\">"
          ],
          "correct": 2
        }
      ]
    },
    {
      "questions": [
        {
          "question": "Which of these elements are all <table> elements?",
          "answers": [
            "<thead><body><tr>",
            "<table><tr><tt>",
            "<table><tr><td>",
            "<table><head><tfoot>"
          ],
          "correct": 2
        },
        {
          "question": "How can you make a numbered list?",
          "answers": [
            "<ol>",
            "<ul>",
            "<dl>",
            "<list>"
          ],
          "correct": 0
        },
        {
          "question": "How can you make a bulleted list?",
          "answers": [
            "<list>",
            "<dl>",
            "<ol>",
            "<ul>"
          ],
          "correct": 3
        },
        {
          "question": "What is the correct HTML for making a checkbox?",
          "answers": [
            "<input type=\"check\">",
            "<input type=\"checkbox\">",
            "<check>",
            "<checkbox>"
          ],
          "correct": 1
        },
        {
          "question": "What is the correct HTML for making a text input field?",
          "answers": [
            "<input type=\"textfield\">",
            "<textfield>",
            "<input type=\"text\">",
            "<textinput type=\"text\">"
          ],
          "correct": 2
        },
        {
          "question": "What is the correct HTML for making a drop-down list?",
          "answers": [
            "<select>",
            "<list>",
            "<input type=\"dropdown\">",
            "<input type=\"list\">"
          ],
          "correct": 0
        },
        {
          "question": "What is the correct HTML for making a text area?",
          "answers": [
            "<input type=\"textarea\">",
            "<textarea>",
            "<input type=\"textbox\">",
            "<text>"
          ],
          "correct": 1
        },
        {
          "question": "What is the correct HTML for inserting an image?",
          "answers": [
            "<img src=\"image.gif\" alt=\"MyImage\">",
            "<img href=\"image.gif\" alt=\"MyImage\">",
            "<img alt=\"MyImage\">image.gif</img>",
            "<image src=\"image.gif\" alt=\"MyImage\">"
          ],
          "correct": 0
        },
        {
          "question": "What is the correct HTML for inserting a background image?",
          "answers": [
            "<body style=\"background-image:url(background.gif)\">",
            "<body bg=\"background.gif\">",
            "<background img=\"background.gif\">",
            "<body style=\"background-image:background.gif\""
          ],
          "correct": 0
        },
        {
          "question": "An <iframe> is used to display a web page within a web page?",
          "answers": [
            "False",
            "There is no such thing as an <iframe>",
            "True",
            "<iframe> is used to connect web page to the server"
          ],
          "correct": 2
        }
      ]
    },
    {
      "questions": [
        {
          "question": "Which HTML element defines the title of a document?",
          "answers": [
            "<meta>",
            "<title>",
            "<head>",
            "<htmltitle>"
          ],
          "correct": 1
        },
        {
          "question": "Which HTML attribute specifies an alternate text for an image, if the image cannot be displayed?",
          "answers": [
            "longdesc",
            "src",
            "title",
            "alt"
          ],
          "correct": 3
        },
        {
          "question": "What is the correct HTML element for playing audio files?",
          "answers": [
            "<mp3>",
            "<sound>",
            "<audio>",
            "<mp4>"
          ],
          "correct": 2
        },
        {
          "question": "The HTML global attribute, \"contenteditable\" is used to?",
          "answers": [
            "Specify whether the content of an element is editable or not",
            "Update content from the server",
            "Specifies a context menu for an element",
            "Return the position of the first found occurrence of content inside a string"
          ],
          "correct": 0
        },
        {
          "question": "Graphics defined by SVG is in which format?",
          "answers": [
            "JS",
            "XML",
            "CSS",
            "HTML"
          ],
          "correct": 1
        },
        {
          "question": "The HTML <canvas> element is used to?",
          "answers": [
            "Create draggable elements",
            "Manipulate data in MySQL",
            "Draw graphics",
            "Display database records"
          ],
          "correct": 2
        },
        {
          "question": "In HTML, which attribute is used to specify that an input field must be filled out?",
          "answers": [
            "placeholder",
            "validate",
            "formvalidate",
            "required"
          ],
          "correct": 3
        },
        {
          "question": "Which input type defines a slider control?",
          "answers": [
            "search",
            "range",
            "controls",
            "slider"
          ],
          "correct": 1
        },
        {
          "question": "Which HTML element is used to display a scalar measurement within a range?",
          "answers": [
            "<range>",
            "<gauge>",
            "<meter>",
            "<measure>"
          ],
          "correct": 2
        },
        {
          "question": "Which HTML element is used to specify a header for a document or section?",
          "answers": [
            "<section>",
            "<head>",
            "<top>",
            "<header>"
          ],
          "correct": 3
        }
      ]
    },
    {
      "questions": [
        {
          "question": "What does CSS stand for?",
          "answers": [
            "Colorful Style Sheets",
            "Cascading Style Sheets",
            "Creative Style Sheets",
            "Computer Style Sheets"
          ],
          "correct": 1
        },
        {
          "question": "What is the correct HTML for referring to an external style sheet?",
          "answers": [
            "<stylesheet>style.css</stylesheet>",
            "<link rel=\"stylesheet\" href=\"style.css\">",
            "<style src=\"style.css\">",
            "<script rel=\"stylesheet\" href=\"style.css\"></script>"
          ],
          "correct": 1
        },
        {
          "question": "Where in an HTML document is the correct place to refer to an external style sheet?",
          "answers": [
            "In the <body> section",
            "At the end of the document",
            "In the <head> section",
            "Inside the <html> tag"
          ],
          "correct": 2
        },
        {
          "question": "Which is the correct CSS syntax?",
          "answers": [
            "body {color: black;}",
            "body:color=black;",
            "{body:color=black;}",
            "{body;color:black;}"
          ],
          "correct": 0
        },
        {
          "question": "How do you insert a comment in a CSS file?",
          "answers": [
            "' this is a comment",
            "// this is a comment //",
            "// this is a comment",
            "/* this is a comment */"
          ],
          "correct": 3
        },
        {
          "question": "How do you add a background color for all <h1> elements?",
          "answers": [
            "h1.all {background-color:#FFFFFF;}",
            "h1 {background-color:#FFFFFF;}",
            "all.h1 {background-color:#FFFFFF;}",
            "h1 {all.background-color:#FFFFFF;}"
          ],
          "correct": 1
        },
        {
          "question": "Which CSS property controls the text size?",
          "answers": [
            "font-style",
            "text-style",
            "font-size",
            "text-size"
          ],
          "correct": 2
        },
        {
          "question": "What is the correct CSS syntax for making all the <p> elements bold?",
          "answers": [
            "<p style=\"text-size:bold;\">",
            "p {text-size:bold;}",
            "p {font-weight:bold;}",
            "<p style=\"font-size:bold;\">"
          ],
          "correct": 2
        },
        {
          "question": "How do you display hyperlinks without an underline?",
          "answers": [
            "a {text-decoration:none;}",
            "a {text-decoration:no-underline;}",
            "a {underline:none;}",
            "a {decoration:no-underline;}"
          ],
          "correct": 0
        },
        {
          "question": "How do you display a border like this: Top border = 10 pixels | Bottom border = 5 pixels | Left border = 20 pixels | Right border = 1pixel?",
          "answers": [
            "border-width:10px 1px 5px 20px;",
            "border-width:10px 5px 20px 1px;",
            "border-width:10px 20px 5px 1px;",
            "border-width:5px 20px 10px 1px;"
          ],
          "correct": 0
        }
      ]
    },
    {
      "questions": [
        {
          "question": "How do you select an element with id \"demo\"?",
          "answers": [
            ".demo",
            "demo",
            "#demo",
            "*demo"
          ],
          "correct": 2
        },
        {
          "question": "How do you select elements with class name \"test\"?",
          "answers": [
            "#test",
            ".test",
            "*test",
            "test"
          ],
          "correct": 1
        },
        {
          "question": "What is the default value of the position property?",
          "answers": [
            "static",
            "absolute",
            "fixed",
            "relative"
          ],
          "correct": 0
        },
        {
          "question": "In the following code snippet, what value is given for the left margin: margin: 5px 10px 3px 8px;",
          "answers": [
            "3px",
            "10px",
            "8px",
            "5px"
          ],
          "correct": 2
        },
        {
          "question": "Which of the following would be used to create an ID called header which has a width of 750px, a height of 30px and the color of the text is black?",
          "answers": [
            "#header { height: 30px; width: 750px; color: black; }",
            ".header { height: 30px; width: 750px; color: black; }",
            "#header { height: 30px; width: 750px; text: black; }",
            ".header { height: 30px; width: 750px; color: black; }"
          ],
          "correct": 0
        },
        {
          "question": "How can you created rounded corners using CSS3?",
          "answers": [
            "border[round]: 30px;",
            "corner-effect: round;",
            "border-radius: 30px;",
            "alpha-effect: round-corner;"
          ],
          "correct": 2
        },
        {
          "question": "How do you add shadow to elements in CSS3?",
          "answers": [
            "box-shadow: 10px 10px 5px grey;",
            "shadow-right: 10px shadow-bottom: 10px;",
            "shadow-color: grey;",
            "alpha-effect[shadow]: 10px 10px 5px grey;"
          ],
          "correct": 0
        },
        {
          "question": "How to you modify a border image using CSS3?",
          "answers": [
            "border: url(image.png);",
            "border-variable: image url(image.png);",
            "border-image: url(border.png) 30 30 round;",
            "None of the above"
          ],
          "correct": 2
        },
        {
          "question": "How to resize a background image using CSS3?",
          "answers": [
            "background-size: 80px 60px",
            "bg-dimensions: 80px 60px;",
            "background-proportion: 80px 60px;",
            "alpha-effect: bg-resize 80px 60px;"
          ],
          "correct": 0
        },
        {
          "question": "How to add text shadow using CSS3?",
          "answers": [
            "font: shadowed 5px 5px 5px grey;",
            "font-shadow: 5px 5px 5px grey;",
            "text-shadow: 5px 5px 5px grey;",
            "shadow: text 5px 5px 5px grey;"
          ],
          "correct": 2
        }
      ]
    },
    {
      "questions": [
        {
          "question": "Which prefix do you need to get CSS3 properties to work on older Mozilla Firefox browsers?",
          "answers": [
            "-webkit-",
            "-moz-",
            "-o-",
            "-gecko-"
          ],
          "correct": 1
        },
        {
          "question": "What does the a stand for in RGBa?",
          "answers": [
            "Alpha",
            "Aqua",
            "Apple",
            "About"
          ],
          "correct": 0
        },
        {
          "question": "What are the first three values of text-shadow in order?",
          "answers": [
            "vertical, blur, horizontal",
            "blur, vertical, horizontal",
            "vertical, horizontal, blur",
            "horizontal, vertical, blur"
          ],
          "correct": 3
        },
        {
          "question": "How to force a word wrap using CSS3?",
          "answers": [
            "word-wrap: break-word;",
            "text-wrap: break-word;",
            "text-wrap: force;",
            "text-width: set;"
          ],
          "correct": 0
        },
        {
          "question": "What property specifies the stack order of an element",
          "answers": [
            "d-index",
            "s-index",
            "x-index",
            "z-index"
          ],
          "correct": 3
        },
        {
          "question": "What is css Float?",
          "answers": [
            "Allows other elements to wrap around an element",
            "Element can be pushed to the left or right",
            "Both 1st and 2nd answers are correct",
            "element can be pushed to any direction"
          ],
          "correct": 2
        },
        {
          "question": "If you put a value of 0 for a Border-Radius what will happen?",
          "answers": [
            "The Corner will curve horizontal",
            "The Corner will be square",
            "The Corner will curve vertical",
            "The world will end"
          ],
          "correct": 1
        },
        {
          "question": "Which of the following is a server-side JavaScript object?",
          "answers": [
            "Function",
            "File",
            "FileUpload",
            "Date"
          ],
          "correct": 1
        },
        {
          "question": "To insert a JavaScript into an HTML page, which tag is used?",
          "answers": [
            "<script=\"java\">",
            "<javascript>",
            "<script>",
            "<js>"
          ],
          "correct": 2
        },
        {
          "question": "Which of the below is used in JavaScript to insert special characters?",
          "answers": [
            "&",
            "\\",
            "-",
            "%"
          ],
          "correct": 1
        }
      ]
    },
    {
      "questions": [
        {
          "question": "How does JavaScript store dates in objects of Date type?",
          "answers": [
            "The number of days since January 1st, 1900",
            "The number of seconds since January 1st, 1970",
            "The number of milliseconds since January 1st, 1970",
            "The number of picoseconds since January 1st, 1970"
          ],
          "correct": 2
        },
        {
          "question": "Which is the correct way to write a JavaScript array?",
          "answers": [
            "let txt = new Array:1=(\"arr\")2=(\"kim\")3=(\"jim\")",
            "let txt = new Array(1:\"arr\",2:\"kim\",3:\"jim\")",
            "let txt = new Array=[\"arr\",\"kim\",\"jim\"]",
            "let txt = [\"arr\",\"kim\",\"jim\"]"
          ],
          "correct": 3
        },
        {
          "question": "Which of the following is correct to write “Hello World” on the web page?",
          "answers": [
            "System.out.println(“Hello World”)",
            "print(“Hello World”)",
            "document.write(“Hello World”)",
            "response.write(“Hello World”)"
          ],
          "correct": 2
        },
        {
          "question": "Which of the following is not a valid JavaScript variable name?",
          "answers": [
            "2java",
            "_java_and_ java _names",
            "javaandjava",
            "None of the above"
          ],
          "correct": 0
        },
        {
          "question": "Which of the ways below is incorrect of instantiating a date?",
          "answers": [
            "new Date(dateString)",
            "new Date()",
            "new Date(seconds)",
            "new Date(year, month, day, hours, minutes, seconds, milliseconds)"
          ],
          "correct": 2
        },
        {
          "question": "What is negative infinity in Java script?",
          "answers": [
            "Number in JavaScript, derived by dividing number by a negative number",
            "Number in JavaScript, derived by dividing number by zero",
            "Number in JavaScript, derived by dividing negative number by zero",
            "None of the above"
          ],
          "correct": 2
        },
        {
          "question": "What is the alternate name for JavaScript?",
          "answers": [
            "LimeScript",
            "ECMScript",
            "ECMJScript",
            "ECMAScript"
          ],
          "correct": 3
        },
        {
          "question": "Which of the following is a client-side JavaScript object?",
          "answers": [
            "FileUpload",
            "Function",
            "File",
            "Date"
          ],
          "correct": 0
        },
        {
          "question": "What java wrapper type is created when a JavaScript object is sent to Java?",
          "answers": [
            "ScriptObject",
            "JavaObject",
            "Jobject",
            "JSObject"
          ],
          "correct": 3
        },
        {
          "question": "Which of the following method is used to evaluate a string of JavaScript code in the context of the specified object?",
          "answers": [
            "eval",
            "parseDoule",
            "parseObject",
            "efloat"
          ],
          "correct": 0
        }
      ]
    },
    {
      "questions": [
        {
          "question": "From which version of Internet Explorer is Flexbox supported?",
          "answers": [
            "IE9",
            "IE10",
            "IE11",
            "Edge"
          ],
          "correct": 1
        },
        {
          "question": "Which Flexbox property really exists?",
          "answers": [
            "flex-wrap",
            "re-flex",
            "circum-flex",
            "corn-flex"
          ],
          "correct": 0
        },
        {
          "question": "What is the default orientation within a flex container?",
          "answers": [
            "diagonal",
            "perpendicular",
            "vertical",
            "horizontal"
          ],
          "correct": 3
        },
        {
          "question": "In the shortened property flex: 1 0 auto; which property refers to the 2nd value (here 0)?",
          "answers": [
            "flex-grow",
            "flex-shrink",
            "flex-basis",
            "flex-flow"
          ],
          "correct": 1
        },
        {
          "question": "Which is the default flex-flow?",
          "answers": [
            "initial",
            "row nowrap",
            "row wrap",
            "column wrap"
          ],
          "correct": 1
        },
        {
          "question": "Which Flexbox statement does not exist?",
          "answers": [
            "align-items: space-between;",
            "justify-content: space-between;",
            "align-content: space-between;",
            "align-self: auto;"
          ],
          "correct": 0
        },
        {
          "question": "Find the intruder",
          "answers": [
            "justify-content: flex-start;",
            "align-items: flex-start;",
            "align-content: flex-start;",
            "align-self: flex-start;"
          ],
          "correct": 3
        },
        {
          "question": "If these two statements are applied on a flex item, what will be its width? Width: 500px; flex-basis: 250px;",
          "answers": [
            "250px",
            "500px",
            "750px",
            "1250px"
          ],
          "correct": 0
        },
        {
          "question": "If these three statements are applied on a flex item, what will be its width? Width: 500px; flex-basis: 250px; min-width: 750px;",
          "answers": [
            "250px",
            "500px",
            "750px",
            "1250px"
          ],
          "correct": 2
        },
        {
          "question": "If all these statements are applied on a flex item, what will be its width? Width: 500px; flex-basis: 1250px; min-width: 750px; flex-shrink: 0;",
          "answers": [
            "250px",
            "500px",
            "750px",
            "1250px"
          ],
          "correct": 3
        }
      ]
    },
    {
      "questions": [
        {
          "question": "Which class provides a responsive fixed width container? Bootstrap",
          "answers": [
            ".container-fixed",
            ".container-fluid",
            ".container-fd",
            ".container"
          ],
          "correct": 3
        },
        {
          "question": "Which class provides a full width container, spanning the entire width of the viewport? Bootstrap",
          "answers": [
            ".container-fixed",
            ".container-fluid",
            ".container-fd",
            ".container"
          ],
          "correct": 1
        },
        {
          "question": "The Bootstrap grid system is based on how many columns?",
          "answers": [
            "12",
            "3",
            "9",
            "6"
          ],
          "correct": 0
        },
        {
          "question": "Which class adds zebra-stripes to a table? Bootstrap",
          "answers": [
            ".table-zebra",
            ".table-striped",
            ".table-bordered",
            ".even and .odd"
          ],
          "correct": 1
        },
        {
          "question": "Which class shapes an image to a circle? Bootstrap",
          "answers": [
            ".img-rounded",
            ".img-circle",
            ".img-thumbnail",
            ".img-round"
          ],
          "correct": 1
        },
        {
          "question": "Which class is used to create a big box for calling extra attention? Bootstrap",
          "answers": [
            ".container",
            ".bigbox",
            ".container-box",
            ".jumbotron"
          ],
          "correct": 3
        },
        {
          "question": "Which button class is used to create a large button? Bootstrap",
          "answers": [
            ".btn-large",
            ".btn-xl",
            ".btn-lg",
            ".btn-l"
          ],
          "correct": 2
        },
        {
          "question": "Which class is used to create a button group? Bootstrap",
          "answers": [
            ".btn-group",
            ".group-btn",
            ".group-button",
            ".button-group"
          ],
          "correct": 0
        },
        {
          "question": "How can you insert a search icon? Bootstrap",
          "answers": [
            "<span class=\"glyph glyph-search\"></span>",
            "<span class=\"glyphicon-search\"></span>",
            "<span class=\"glyphicon glyphicon-search\"></span>",
            "<span class=\"glyphicon search\"></span>"
          ],
          "correct": 2
        },
        {
          "question": "Which class is used to create a badge? Bootstrap",
          "answers": [
            ".badge",
            ".tag",
            ".label",
            ".flag"
          ],
          "correct": 0
        }
      ]
    },
    {
      "questions": [
        {
          "question": "Which class is used to create a basic pagination? Bootstrap",
          "answers": [
            ".page",
            ".pagination",
            ".pages",
            ".navigation"
          ],
          "correct": 1
        },
        {
          "question": "Which class is used to create a basic list group? Bootstrap",
          "answers": [
            ".grouped-list",
            ".list-group",
            ".group-list",
            ".list-grouped"
          ],
          "correct": 1
        },
        {
          "question": "Which class adds a heading to a panel? Bootstrap",
          "answers": [
            ".panel-footer",
            ".panel-header",
            ".panel-heading",
            ".panel-head"
          ],
          "correct": 2
        },
        {
          "question": "Which class indicates a dropdown menu? Bootstrap",
          "answers": [
            ".dropdown",
            ".dropdown-list",
            ".select-dropdown",
            ".select"
          ],
          "correct": 0
        },
        {
          "question": "A standard navigation tab is created with? Bootstrap",
          "answers": [
            "<ul class=\"navigation-tabs\">",
            "<ul class=\"nav nav-tabs\">",
            "<ul class=\"nav tabs\">",
            "<ul class=\"nav nav-navbar\">"
          ],
          "correct": 1
        },
        {
          "question": "A standard navigation bar is created with? Bootstrap",
          "answers": [
            "<nav class=\"navbar navbar-default\">",
            "<nav class=\"navigationbar navbar-default\">",
            "<nav class=\"nav navbar\">",
            "<nav class=\"navbar default-navbar\">"
          ],
          "correct": 0
        },
        {
          "question": "Which plugin is used to cycle through elements, like a slideshow? Bootstrap",
          "answers": [
            "Orbit",
            "Scrollspy",
            "Slideshow",
            "Carousel"
          ],
          "correct": 3
        },
        {
          "question": "Which plugin is used to create a modal window? Bootstrap",
          "answers": [
            "Popup",
            "Dialog Box",
            "Window",
            "Modal"
          ],
          "correct": 3
        },
        {
          "question": "Which contextual class indicates a succesful or positive action? Bootstrap",
          "answers": [
            ".text-success",
            ".text-warning",
            ".text-info",
            ".text-primary"
          ],
          "correct": 0
        },
        {
          "question": "Which contextual class indicates a dangerous or potentially negative action? Bootstrap",
          "answers": [
            ".text-warning",
            ".text-primary",
            ".text-danger",
            ".text-info"
          ],
          "correct": 2
        }
      ]
    },
    {
      "questions": [
        {
          "question": "Which is the URL-encoding for the ASCII character (!)?",
          "answers": [
            "%20",
            "%21",
            "%22",
            "%23"
          ],
          "correct": 1
        },
        {
          "question": "Which of the following is the correct way of returning the length of this string?",
          "answers": [
            "'string',length",
            "string,length",
            "string.length",
            "'string'.length"
          ],
          "correct": 3
        },
        {
          "question": "What is the substring keyword used for?",
          "answers": [
            "Creating a string within a string",
            "Returning a partial part of a string",
            "Reordering characters in a string",
            "Substituting characters within a string"
          ],
          "correct": 1
        },
        {
          "question": "Which of the following best describes what a function in JavaScript is used for?",
          "answers": [
            "A function creates new variables",
            "A function is used for math formulas",
            "A reusable piece of code that can be called on throughout an application",
            "A function allows for the use of mathematical operators"
          ],
          "correct": 2
        },
        {
          "question": "The input in a function is called?",
          "answers": [
            "function variable",
            "parameter",
            "return",
            "global variable"
          ],
          "correct": 1
        },
        {
          "question": "What does the return keyword do?",
          "answers": [
            "It allows the user to return to previous code",
            "It allows for the output of a function to be used elsewhere",
            "It logs the output to the console",
            "It ends the statement in a function"
          ],
          "correct": 1
        },
        {
          "question": "Which of the following best describes an array?",
          "answers": [
            "A variable that can create functions",
            "A variable that can store a list of different data seperately",
            "A data type that can store data",
            "A data type that can create functions"
          ],
          "correct": 1
        },
        {
          "question": "How are while loops different to for loops?",
          "answers": [
            "The start of the loop is not predefined in while loops",
            "While loops cannot use comparison operators",
            "The end of the loop is not predefined",
            "The control of the loop is not predefined in for loops"
          ],
          "correct": 2
        },
        {
          "question": "What is the use of the isNaN function?",
          "answers": [
            "It converts a string of numbers to a number",
            "It checks if something is not a number and returns a boolean",
            "It checks if something is a number and returns a boolean",
            "It converts a number to a string"
          ],
          "correct": 1
        },
        {
          "question": "Which of the following is not a logical operator in JavaScript?",
          "answers": [
            "||",
            "&&",
            "$$",
            "!"
          ],
          "correct": 2
        }
      ]
    },
    {
      "questions": [
        {
          "question": "Which of the following is the symbol for implementing the AND operator?",
          "answers": [
            "||",
            "&&",
            "$$",
            "!"
          ],
          "correct": 1
        },
        {
          "question": "Which of the following is the symbol for implementing the OR operator?",
          "answers": [
            "||",
            "&&",
            "$$",
            "!"
          ],
          "correct": 0
        },
        {
          "question": "Which of the following is true about cookie handling in JavaScript?",
          "answers": [
            "JavaScript can manipulate cookies using the cookie property of the Document object",
            "JavaScript can read, create, modify, and delete the cookie or cookies that apply to the current web page",
            "Both of the above",
            "None of the above"
          ],
          "correct": 2
        },
        {
          "question": "Which built-in method reverses the order of the elements of an array?",
          "answers": [
            "changeOrder(order)",
            "reverse()",
            "sort(order)",
            "None of the above"
          ],
          "correct": 1
        },
        {
          "question": "Which of the following function of String object combines the text of two strings and returns a new string?",
          "answers": [
            "add()",
            "merge()",
            "concat()",
            "append()"
          ],
          "correct": 2
        },
        {
          "question": "Which of the following function of String object executes the search for a match between a regular expression and a specified string?",
          "answers": [
            "concat()",
            "match()",
            "replace()",
            "search()"
          ],
          "correct": 3
        },
        {
          "question": "Which of the following function of String object creates a string to be displayed as bold as if it were in a <b> tag?",
          "answers": [
            "anchor()",
            "big()",
            "blink()",
            "bold()"
          ],
          "correct": 3
        },
        {
          "question": "Which of the following function of Array object returns the last (greatest) index of an element within the array equal to the specified value, or -1 if none is found?",
          "answers": [
            "indexOf()",
            "join()",
            "lastIndexOf()",
            "map()"
          ],
          "correct": 2
        },
        {
          "question": "Which of the following function of Array object adds and/or removes elements from an array?",
          "answers": [
            "splice()",
            "toSource()",
            "sort()",
            "unshift()"
          ],
          "correct": 0
        },
        {
          "question": "Which of the following is not a method in the “JSON” object according to the ECMAScript specification?",
          "answers": [
            "JSON.stringify",
            "JSON.fromString",
            "JSON.parse",
            "All are correct"
          ],
          "correct": 1
        }
      ]
    },
    {
      "questions": [
        {
          "question": "The function call Math.ceil(3.5) returns?",
          "answers": [
            "MathError",
            "4",
            "0",
            "3"
          ],
          "correct": 1
        },
        {
          "question": "Which event fires whenever a control loses focus?",
          "answers": [
            "onclick",
            "onmove",
            "onblur",
            "onchange"
          ],
          "correct": 2
        },
        {
          "question": "Which has the correct syntax of a ternary operation?",
          "answers": [
            "var x = ( y === true ) { “true” : “false” };",
            "var x = y === true : “true” ? “false”;",
            "var x = ( y === true ) : “true” ? “false”;",
            "var x = y === true ? “true” : “false”;"
          ],
          "correct": 3
        },
        {
          "question": "What is the result of the following statement: 0 == “”;",
          "answers": [
            "Error, invalid comparison",
            "false",
            "null",
            "true"
          ],
          "correct": 3
        },
        {
          "question": "Math.random() returns?",
          "answers": [
            "A random number between 0 and 1",
            "A random number that can be any value",
            "A random number between 0 and 100",
            "A random number between 0 and 1000"
          ],
          "correct": 0
        },
        {
          "question": "You use the Math.pow() method to?",
          "answers": [
            "Return any number",
            "Return a number raised to the power of a second number",
            "Return a random value between 0 and 1",
            "Return a variable value"
          ],
          "correct": 1
        },
        {
          "question": "Which of the following Array prototype methods actually modifies the array it’s been called on?",
          "answers": [
            "concat()",
            "slice()",
            "splice()",
            "All of the above"
          ],
          "correct": 2
        },
        {
          "question": "Math.PI returns the mathematical constant of PI. What standard JavaScript method would truncate Math.Pi to 3.14?",
          "answers": [
            "Math.Round(Math.PI)",
            "Math.PI.toPrecision(2)",
            "Math.PI.toString(\"D2\")",
            "Math.PI.toFixed(2)"
          ],
          "correct": 3
        },
        {
          "question": "You use the Math.tan() method to?",
          "answers": [
            "Return the tangent of an angle in degrees",
            "Return the tangent of an angle in gradients",
            "Return the tangent of an angle in radians",
            "Does not exist in JavaScript"
          ],
          "correct": 2
        },
        {
          "question": "Which’s the correct syntax for creating a Date object for January 10, 1998?",
          "answers": [
            "new Date(1998, 0, 10);",
            "new Date(1, 10, 1998);",
            "new Date(0, 10, 1998);",
            "new Date(1998, 1, 10);"
          ],
          "correct": 0
        }
      ]
    },
    {
      "questions": [
        {
          "question": "What is printed in the console?",
          "codeImage": "questionsImages/14lvl1q.png",
          "alt": "millionQuestionImage",
          "answers": [
            "True",
            "False",
            "ReferenceError",
            "Undefined"
          ],
          "correct": 0
        },
        {
          "question": "What does the above alert?",
          "codeImage": "questionsImages/14lvl2q.png",
          "alt": "millionQuestionImage",
          "answers": [
            "Function",
            "Number",
            "Object",
            "Undefined"
          ],
          "correct": 3
        },
        {
          "question": "What is the result?",
          "codeImage": "questionsImages/14lvl3q.png",
          "alt": "millionQuestionImage",
          "answers": [
            "True",
            "False",
            "TypeError",
            "Undefined"
          ],
          "correct": 0
        },
        {
          "question": "What is the result?",
          "codeImage": "questionsImages/14lvl4q.png",
          "alt": "millionQuestionImage",
          "answers": [
            "True",
            "False",
            "TypeError",
            "NaN"
          ],
          "correct": 1
        },
        {
          "question": "What is alerted?",
          "codeImage": "questionsImages/14lvl5q.png",
          "alt": "millionQuestionImage",
          "answers": [
            "Number",
            "Undefined",
            "Function",
            "String"
          ],
          "correct": 2
        },
        {
          "question": "What is the result?",
          "codeImage": "questionsImages/14lvl6q.png",
          "alt": "millionQuestionImage",
          "answers": [
            "0",
            "2",
            "11",
            "\"11\""
          ],
          "correct": 1
        },
        {
          "question": "What is the order of values alerted?",
          "codeImage": "questionsImages/14lvl7q.png",
          "alt": "millionQuestionImage",
          "answers": [
            "1, 3",
            "1, 2",
            "3, 2",
            "3, 1"
          ],
          "correct": 3
        },
        {
          "question": "What is the result?",
          "codeImage": "questionsImages/14lvl8q.png",
          "alt": "millionQuestionImage",
          "answers": [
            "True",
            "False",
            "TypeError",
            "Undefined"
          ],
          "correct": 0
        },
        {
          "question": "What is the result?",
          "codeImage": "questionsImages/14lvl9q.png",
          "alt": "millionQuestionImage",
          "answers": [
            "\"f, o, o\"",
            "[\"f\", \"o\", \"o\"]",
            "TypeError",
            "[][][\"f\", \"o\", \"o\"]"
          ],
          "correct": 0
        },
        {
          "question": "What is the result?",
          "codeImage": "questionsImages/14lvl10q.png",
          "alt": "millionQuestionImage",
          "answers": [
            "\",,,,\"",
            "[]",
            "\"[]\"",
            "[\",,,,\"]"
          ],
          "correct": 0
        }
      ]
    },
    {
      "questions": [
        {
          "question": "What is printed in the console?",
          "codeImage": "questionsImages/15lvl1q.png",
          "alt": "millionQuestionImage",
          "answers": [
            "[\"foo\", \"bar\", \"baz\"]",
            "[\"foo\", \"bar\", \"baz\", \"bin\"]",
            "[\"bin\", \"foo\", \"bar\", \"baz\"]",
            "[\"bin\"]"
          ],
          "correct": 3
        },
        {
          "question": "What is the result?",
          "codeImage": "questionsImages/15lvl2q.png",
          "alt": "millionQuestionImage",
          "answers": [
            "True",
            "False",
            "TypeError",
            "Undefined"
          ],
          "correct": 0
        },
        {
          "question": "What is printed on the console?",
          "codeImage": "questionsImages/15lvl3q.png",
          "alt": "millionQuestionImage",
          "answers": [
            "ReferrenceError",
            "Undefined",
            "0",
            "1"
          ],
          "correct": 1
        },
        {
          "question": "What is the result?",
          "codeImage": "questionsImages/15lvl4q.png",
          "alt": "millionQuestionImage",
          "answers": [
            "True",
            "False",
            "TypeError",
            "Undefined"
          ],
          "correct": 1
        },
        {
          "question": "What is the result?",
          "codeImage": "questionsImages/15lvl5q.png",
          "alt": "millionQuestionImage",
          "answers": [
            "5",
            "4",
            "NaN",
            "Undefined"
          ],
          "correct": 2
        },
        {
          "question": "What is the result of console.log?",
          "codeImage": "questionsImages/15lvl6q.png",
          "alt": "millionQuestionImage",
          "answers": [
            "True",
            "False",
            "Undefined",
            "ReferenceError"
          ],
          "correct": 0
        },
        {
          "question": "What value is alerted?",
          "codeImage": "questionsImages/15lvl7q.png",
          "alt": "millionQuestionImage",
          "answers": [
            "1",
            "2",
            "3",
            "Undefined"
          ],
          "correct": 1
        },
        {
          "question": "What is the result?",
          "codeImage": "questionsImages/15lvl8q.png",
          "alt": "millionQuestionImage",
          "answers": [
            "True",
            "False",
            "NaN",
            "Undefined"
          ],
          "correct": 1
        },
        {
          "question": "What value is alerted?",
          "codeImage": "questionsImages/15lvl9q.png",
          "alt": "millionQuestionImage",
          "answers": [
            "2",
            "1",
            "ReferenceError",
            "Undefined"
          ],
          "correct": 3
        },
        {
          "question": "What is the result?",
          "codeImage": "questionsImages/15lvl10q.png",
          "alt": "millionQuestionImage",
          "answers": [
            "True",
            "False",
            "TypeError",
            "Undefined"
          ],
          "correct": 1
        }
      ]
    }
  ]
}